{"cameraMode":{"drawMode":0,"name":"Shaded","section":"Shading Mode"},"sceneLighting":false,"audioPlay":false,"sceneViewState":{"showFog":true,"showMaterialUpdate":true,"showSkybox":true,"showFlares":true,"showImageEffects":true,"showParticleSystems":true},"in2DMode":false,"pivot":{"x":939.7977905273438,"y":536.8685302734375,"z":23.04703140258789},"rotation":{"x":-0.01530851423740387,"y":-0.0084017189219594,"z":0.00012840911222156137,"w":-0.9998475909233093},"size":22.0,"orthographic":false}