{"cameraMode":{"drawMode":0,"name":"Shaded","section":"Shading Mode"},"sceneLighting":false,"audioPlay":false,"sceneViewState":{"showFog":true,"showMaterialUpdate":false,"showSkybox":true,"showFlares":true,"showImageEffects":true,"showParticleSystems":true},"in2DMode":false,"pivot":{"x":-0.3819384276866913,"y":-1.5077543258666993,"z":-0.0355006605386734},"rotation":{"x":0.011404719203710556,"y":0.7636286616325378,"z":0.013522935099899769,"w":-0.6454133987426758},"size":2.488110065460205,"orthographic":false}