{"cameraMode":{"drawMode":0,"name":"Shaded","section":"Shading Mode"},"sceneLighting":false,"audioPlay":false,"sceneViewState":{"showFog":true,"showMaterialUpdate":false,"showSkybox":true,"showFlares":true,"showImageEffects":true,"showParticleSystems":true},"in2DMode":false,"pivot":{"x":-4.0226826667785648,"y":0.6781152486801148,"z":11.01017951965332},"rotation":{"x":-0.22168053686618806,"y":-0.6090461015701294,"z":0.1826074719429016,"w":-0.7393072247505188},"size":10.395302772521973,"orthographic":false}