{"cameraMode":{"drawMode":0,"name":"Shaded","section":"Shading Mode"},"sceneLighting":false,"audioPlay":false,"sceneViewState":{"showFog":true,"showMaterialUpdate":false,"showSkybox":true,"showFlares":true,"showImageEffects":true,"showParticleSystems":true},"in2DMode":false,"pivot":{"x":-6.429999828338623,"y":-0.9100000262260437,"z":-0.17000001668930055},"rotation":{"x":0.09649167209863663,"y":0.8970228433609009,"z":-0.24277006089687348,"w":0.35651373863220217},"size":1.7147306203842164,"orthographic":false}