{"cameraMode":{"drawMode":0,"name":"Shaded","section":"Shading Mode"},"sceneLighting":true,"audioPlay":false,"sceneViewState":{"showFog":true,"showMaterialUpdate":false,"showSkybox":true,"showFlares":true,"showImageEffects":true,"showParticleSystems":true},"in2DMode":false,"pivot":{"x":-75.34034729003906,"y":14.482139587402344,"z":65.97978973388672},"rotation":{"x":-0.020790887996554376,"y":-0.6920432448387146,"z":0.0199477206915617,"w":-0.7212808728218079},"size":8.405029296875,"orthographic":false}