{"cameraMode":{"drawMode":0,"name":"Shaded","section":"Shading Mode"},"sceneLighting":false,"audioPlay":false,"sceneViewState":{"showFog":true,"showMaterialUpdate":false,"showSkybox":true,"showFlares":true,"showImageEffects":true,"showParticleSystems":true},"in2DMode":false,"pivot":{"x":-5.46999979019165,"y":4.309999942779541,"z":-10.049999237060547},"rotation":{"x":0.005569119937717915,"y":-0.9942759871482849,"z":-0.06540775299072266,"w":-0.08429821580648422},"size":3.13783597946167,"orthographic":false}