{"cameraMode":{"drawMode":0,"name":"Shaded","section":"Shading Mode"},"sceneLighting":false,"audioPlay":false,"sceneViewState":{"showFog":true,"showMaterialUpdate":false,"showSkybox":true,"showFlares":true,"showImageEffects":true,"showParticleSystems":true},"in2DMode":false,"pivot":{"x":10.421614646911621,"y":-1.7036993503570557,"z":3.2146379947662355},"rotation":{"x":-0.18997232615947724,"y":-0.6100322604179382,"z":0.15375463664531709,"w":-0.7537444829940796},"size":97.00651550292969,"orthographic":false}