{"cameraMode":{"drawMode":0,"name":"Shaded","section":"Shading Mode"},"sceneLighting":false,"audioPlay":false,"sceneViewState":{"showFog":true,"showMaterialUpdate":false,"showSkybox":true,"showFlares":true,"showImageEffects":true,"showParticleSystems":true},"in2DMode":false,"pivot":{"x":17.47239875793457,"y":30.111371994018556,"z":-24.55496597290039},"rotation":{"x":0.34932824969291689,"y":-0.5980686545372009,"z":0.32425206899642947,"w":0.6443169116973877},"size":33.41659164428711,"orthographic":false}