{"cameraMode":{"drawMode":0,"name":"Shaded","section":"Shading Mode"},"sceneLighting":false,"audioPlay":false,"sceneViewState":{"showFog":true,"showMaterialUpdate":false,"showSkybox":true,"showFlares":true,"showImageEffects":true,"showParticleSystems":true},"in2DMode":false,"pivot":{"x":-6.429999828338623,"y":-0.9099999666213989,"z":-0.17000000178813935},"rotation":{"x":0.2334621101617813,"y":0.547255277633667,"z":-0.1622968316078186,"w":0.787189245223999},"size":4.171576499938965,"orthographic":false}