{"cameraMode":{"drawMode":0,"name":"Shaded","section":"Shading Mode"},"sceneLighting":false,"audioPlay":false,"sceneViewState":{"showFog":true,"showMaterialUpdate":false,"showSkybox":true,"showFlares":true,"showImageEffects":true,"showParticleSystems":true},"in2DMode":false,"pivot":{"x":-12.805075645446778,"y":-3.8852272033691408,"z":-37.23011779785156},"rotation":{"x":0.008115127682685852,"y":0.9837680459022522,"z":-0.17323918640613557,"w":0.046074554324150088},"size":86.46548461914063,"orthographic":false}