{"cameraMode":{"drawMode":0,"name":"Shaded","section":"Shading Mode"},"sceneLighting":false,"audioPlay":false,"sceneViewState":{"showFog":true,"showMaterialUpdate":false,"showSkybox":true,"showFlares":true,"showImageEffects":true,"showParticleSystems":true},"in2DMode":false,"pivot":{"x":-3.1726863384246828,"y":5.281986236572266,"z":-2.742650032043457},"rotation":{"x":-0.014223912730813027,"y":-0.9805221557617188,"z":0.07754858583211899,"w":-0.17988957464694978},"size":4.5210795402526859,"orthographic":false}