{"cameraMode":{"drawMode":0,"name":"Shaded","section":"Shading Mode"},"sceneLighting":false,"audioPlay":false,"sceneViewState":{"showFog":true,"showMaterialUpdate":false,"showSkybox":true,"showFlares":true,"showImageEffects":true,"showParticleSystems":true},"in2DMode":false,"pivot":{"x":33.63999938964844,"y":4.189999580383301,"z":-16.5},"rotation":{"x":-0.19521436095237733,"y":0.5018416047096252,"z":-0.11740157008171082,"w":-0.8344239592552185},"size":17.064102172851564,"orthographic":false}