{"cameraMode":{"drawMode":0,"name":"Shaded","section":"Shading Mode"},"sceneLighting":false,"audioPlay":false,"sceneViewState":{"showFog":true,"showMaterialUpdate":false,"showSkybox":true,"showFlares":true,"showImageEffects":true,"showParticleSystems":true},"in2DMode":false,"pivot":{"x":0.30646812915802,"y":-2.0626182556152345,"z":-0.16507527232170106},"rotation":{"x":0.000436422968050465,"y":0.9981325268745422,"z":-0.007796014659106731,"w":0.060584940016269687},"size":2.4639766216278078,"orthographic":false}