{"cameraMode":{"drawMode":0,"name":"Shaded","section":"Shading Mode"},"sceneLighting":false,"audioPlay":false,"sceneViewState":{"showFog":true,"showMaterialUpdate":false,"showSkybox":true,"showFlares":true,"showImageEffects":true,"showParticleSystems":true},"in2DMode":false,"pivot":{"x":-0.036172688007354739,"y":0.70023512840271,"z":5.693567276000977},"rotation":{"x":0.000554634490981698,"y":0.9972853064537048,"z":0.07311670482158661,"w":-0.008697368204593659},"size":1.902043104171753,"orthographic":false}