{"cameraMode":{"drawMode":0,"name":"Shaded","section":"Shading Mode"},"sceneLighting":true,"audioPlay":false,"sceneViewState":{"showFog":true,"showMaterialUpdate":false,"showSkybox":true,"showFlares":true,"showImageEffects":true,"showParticleSystems":true},"in2DMode":false,"pivot":{"x":21.600000381469728,"y":2.9200000762939455,"z":-23.0},"rotation":{"x":-0.03642619028687477,"y":-0.7705629467964172,"z":0.04421286657452583,"w":-0.6347843408584595},"size":80.39867401123047,"orthographic":false}