{"cameraMode":{"drawMode":0,"name":"Shaded","section":"Shading Mode"},"sceneLighting":false,"audioPlay":false,"sceneViewState":{"showFog":true,"showMaterialUpdate":false,"showSkybox":true,"showFlares":true,"showImageEffects":true,"showParticleSystems":true},"in2DMode":false,"pivot":{"x":7.249551296234131,"y":0.9040108323097229,"z":-37.76205825805664},"rotation":{"x":-0.02407172881066799,"y":-0.9485296010971069,"z":0.0744335874915123,"w":-0.3068743944168091},"size":4.781290531158447,"orthographic":false}