{"cameraMode":{"drawMode":0,"name":"Shaded","section":"Shading Mode"},"sceneLighting":false,"audioPlay":false,"sceneViewState":{"showFog":true,"showMaterialUpdate":false,"showSkybox":true,"showFlares":true,"showImageEffects":true,"showParticleSystems":true},"in2DMode":false,"pivot":{"x":-5.0,"y":2.6416077613830568,"z":-17.999248504638673},"rotation":{"x":-0.19521436095237733,"y":0.5018416047096252,"z":-0.11740157008171082,"w":-0.8344239592552185},"size":7.820852756500244,"orthographic":false}