{"cameraMode":{"drawMode":0,"name":"Shaded","section":"Shading Mode"},"sceneLighting":false,"audioPlay":false,"sceneViewState":{"showFog":true,"showMaterialUpdate":false,"showSkybox":true,"showFlares":true,"showImageEffects":true,"showParticleSystems":true},"in2DMode":false,"pivot":{"x":11.470182418823243,"y":1.503274917602539,"z":11.425198554992676},"rotation":{"x":0.4103676676750183,"y":0.5852741599082947,"z":-0.5390337109565735,"w":0.4455280900001526},"size":55.48788070678711,"orthographic":false}