{"cameraMode":{"drawMode":0,"name":"Shaded","section":"Shading Mode"},"sceneLighting":false,"audioPlay":false,"sceneViewState":{"showFog":true,"showMaterialUpdate":false,"showSkybox":true,"showFlares":true,"showImageEffects":true,"showParticleSystems":true},"in2DMode":false,"pivot":{"x":7.249549865722656,"y":0.9308277368545532,"z":-37.70012283325195},"rotation":{"x":-0.012917846441268921,"y":-0.8333129286766052,"z":0.5523061752319336,"w":-0.019506240263581277},"size":3.8478307723999025,"orthographic":false}