{"cameraMode":{"drawMode":0,"name":"Shaded","section":"Shading Mode"},"sceneLighting":false,"audioPlay":false,"sceneViewState":{"showFog":true,"showMaterialUpdate":false,"showSkybox":true,"showFlares":true,"showImageEffects":true,"showParticleSystems":true},"in2DMode":false,"pivot":{"x":0.08540470153093338,"y":-3.3445751667022707,"z":-7.772141456604004},"rotation":{"x":0.21425190567970277,"y":0.6691282987594605,"z":-0.2109527736902237,"w":0.6796045899391174},"size":4.922704696655273,"orthographic":false}