{"cameraMode":{"drawMode":0,"name":"Shaded","section":"Shading Mode"},"sceneLighting":false,"audioPlay":false,"sceneViewState":{"showFog":true,"showMaterialUpdate":false,"showSkybox":true,"showFlares":true,"showImageEffects":true,"showParticleSystems":true},"in2DMode":false,"pivot":{"x":15.849074363708496,"y":0.06987687945365906,"z":-51.259803771972659},"rotation":{"x":0.1572563499212265,"y":0.7351925373077393,"z":-0.1825151890516281,"w":0.6336013078689575},"size":0.36350053548812868,"orthographic":false}