{"cameraMode":{"drawMode":0,"name":"Shaded","section":"Shading Mode"},"sceneLighting":false,"audioPlay":false,"sceneViewState":{"showFog":true,"showMaterialUpdate":false,"showSkybox":true,"showFlares":true,"showImageEffects":true,"showParticleSystems":true},"in2DMode":false,"pivot":{"x":-0.010508537292480469,"y":-2.269134521484375,"z":0.01750856637954712},"rotation":{"x":0.10619401186704636,"y":-0.6972440481185913,"z":0.10557552427053452,"w":0.7010188698768616},"size":2.433785915374756,"orthographic":false}