{"cameraMode":{"drawMode":0,"name":"Shaded","section":"Shading Mode"},"sceneLighting":false,"audioPlay":false,"sceneViewState":{"showFog":true,"showMaterialUpdate":false,"showSkybox":true,"showFlares":true,"showImageEffects":true,"showParticleSystems":true},"in2DMode":false,"pivot":{"x":15.391083717346192,"y":38.676002502441409,"z":-55.855133056640628},"rotation":{"x":-0.3633997440338135,"y":0.04216275364160538,"z":-0.016466813161969186,"w":-0.9305330514907837},"size":5.9562201499938969,"orthographic":false}