{"cameraMode":{"drawMode":0,"name":"Shaded","section":"Shading Mode"},"sceneLighting":false,"audioPlay":false,"sceneViewState":{"showFog":true,"showMaterialUpdate":false,"showSkybox":true,"showFlares":true,"showImageEffects":true,"showParticleSystems":true},"in2DMode":false,"pivot":{"x":-4.837985038757324,"y":2.682373046875,"z":-19.788366317749025},"rotation":{"x":0.16154249012470246,"y":0.39517220854759219,"z":-0.07082019001245499,"w":0.9015139937400818},"size":22.929655075073243,"orthographic":false}