{"cameraMode":{"drawMode":0,"name":"Shaded","section":"Shading Mode"},"sceneLighting":false,"audioPlay":false,"sceneViewState":{"showFog":true,"showMaterialUpdate":false,"showSkybox":true,"showFlares":true,"showImageEffects":true,"showParticleSystems":true},"in2DMode":false,"pivot":{"x":11.871957778930664,"y":2.845438241958618,"z":-17.185314178466798},"rotation":{"x":0.004654921591281891,"y":0.9864485859870911,"z":-0.028427360579371454,"w":0.1615222543478012},"size":5.487166881561279,"orthographic":false}