{"cameraMode":{"drawMode":0,"name":"Shaded","section":"Shading Mode"},"sceneLighting":false,"audioPlay":false,"sceneViewState":{"showFog":true,"showMaterialUpdate":false,"showSkybox":true,"showFlares":true,"showImageEffects":true,"showParticleSystems":true},"in2DMode":false,"pivot":{"x":12.89822769165039,"y":1.3735533952713013,"z":-37.92608642578125},"rotation":{"x":0.08267458528280258,"y":0.8573567867279053,"z":-0.14569494128227235,"w":0.48670026659965517},"size":4.932155132293701,"orthographic":false}