{"cameraMode":{"drawMode":0,"name":"Shaded","section":"Shading Mode"},"sceneLighting":false,"audioPlay":false,"sceneViewState":{"showFog":true,"showMaterialUpdate":false,"showSkybox":true,"showFlares":true,"showImageEffects":true,"showParticleSystems":true},"in2DMode":false,"pivot":{"x":55.01935577392578,"y":0.5748693943023682,"z":-10.150876998901368},"rotation":{"x":0.017581241205334665,"y":0.9522603750228882,"z":-0.05609170347452164,"w":0.29957443475723269},"size":5.5873799324035648,"orthographic":false}