{"cameraMode":{"drawMode":0,"name":"Shaded","section":"Shading Mode"},"sceneLighting":false,"audioPlay":false,"sceneViewState":{"showFog":true,"showMaterialUpdate":false,"showSkybox":true,"showFlares":true,"showImageEffects":true,"showParticleSystems":true},"in2DMode":false,"pivot":{"x":-1.0642518997192383,"y":2.1462767124176027,"z":7.471040725708008},"rotation":{"x":-0.08121443539857865,"y":-0.8204218745231628,"z":0.12048584967851639,"w":-0.5529876351356506},"size":5.01363468170166,"orthographic":false}