{"cameraMode":{"drawMode":0,"name":"Shaded","section":"Shading Mode"},"sceneLighting":false,"audioPlay":false,"sceneViewState":{"showFog":true,"showMaterialUpdate":false,"showSkybox":true,"showFlares":true,"showImageEffects":true,"showParticleSystems":true},"in2DMode":false,"pivot":{"x":-0.8965911865234375,"y":-1.4710404872894288,"z":0.48598456382751467},"rotation":{"x":0.01986067183315754,"y":0.9801158905029297,"z":-0.14301931858062745,"w":0.13610251247882844},"size":4.937780857086182,"orthographic":false}