{"cameraMode":{"drawMode":0,"name":"Shaded","section":"Shading Mode"},"sceneLighting":false,"audioPlay":false,"sceneViewState":{"showFog":true,"showMaterialUpdate":false,"showSkybox":true,"showFlares":true,"showImageEffects":true,"showParticleSystems":true},"in2DMode":false,"pivot":{"x":-3.0741405487060549,"y":2.1700000762939455,"z":7.019999980926514},"rotation":{"x":-0.18440967798233033,"y":-0.3451070487499237,"z":0.06935174018144608,"w":-0.9176516532897949},"size":6.888142108917236,"orthographic":false}