{"cameraMode":{"drawMode":0,"name":"Shaded","section":"Shading Mode"},"sceneLighting":false,"audioPlay":false,"sceneViewState":{"showFog":true,"showMaterialUpdate":false,"showSkybox":true,"showFlares":true,"showImageEffects":true,"showParticleSystems":true},"in2DMode":false,"pivot":{"x":-0.036172688007354739,"y":0.70023512840271,"z":5.693567276000977},"rotation":{"x":-0.013816270977258683,"y":0.9854219555854797,"z":-0.13867446780204774,"w":-0.09758128970861435},"size":1.902043104171753,"orthographic":false}