{"cameraMode":{"drawMode":0,"name":"Shaded","section":"Shading Mode"},"sceneLighting":false,"audioPlay":false,"sceneViewState":{"showFog":true,"showMaterialUpdate":false,"showSkybox":true,"showFlares":true,"showImageEffects":true,"showParticleSystems":true},"in2DMode":false,"pivot":{"x":20.0,"y":2.5000407695770265,"z":-15.470001220703125},"rotation":{"x":0.17753736674785615,"y":0.5566296577453613,"z":-0.12320049107074738,"w":0.8021631240844727},"size":5.411599159240723,"orthographic":false}