{"cameraMode":{"drawMode":0,"name":"Shaded","section":"Shading Mode"},"sceneLighting":false,"audioPlay":false,"sceneViewState":{"showFog":true,"showMaterialUpdate":false,"showSkybox":true,"showFlares":true,"showImageEffects":true,"showParticleSystems":true},"in2DMode":false,"pivot":{"x":0.2531324326992035,"y":2.1620476245880129,"z":-2.2342686653137209},"rotation":{"x":-0.08066358417272568,"y":0.6550869345664978,"z":-0.07063259184360504,"w":-0.7479075193405151},"size":3.16914963722229,"orthographic":false}