{"cameraMode":{"drawMode":0,"name":"Shaded","section":"Shading Mode"},"sceneLighting":false,"audioPlay":false,"sceneViewState":{"showFog":true,"showMaterialUpdate":false,"showSkybox":true,"showFlares":true,"showImageEffects":true,"showParticleSystems":true},"in2DMode":false,"pivot":{"x":87.21257019042969,"y":23.518735885620118,"z":117.4811019897461},"rotation":{"x":-0.009352809749543667,"y":0.2143876552581787,"z":0.002052294323220849,"w":0.9767017364501953},"size":192.3088836669922,"orthographic":false}