{"cameraMode":{"drawMode":0,"name":"Shaded","section":"Shading Mode"},"sceneLighting":false,"audioPlay":false,"sceneViewState":{"showFog":true,"showMaterialUpdate":false,"showSkybox":true,"showFlares":true,"showImageEffects":true,"showParticleSystems":true},"in2DMode":false,"pivot":{"x":-0.019643843173980714,"y":0.008524179458618164,"z":0.6768628358840942},"rotation":{"x":-0.0031571374274790289,"y":0.9930386543273926,"z":-0.027122527360916139,"w":-0.11458081752061844},"size":17.449228286743165,"orthographic":false}