{"cameraMode":{"drawMode":0,"name":"Shaded","section":"Shading Mode"},"sceneLighting":false,"audioPlay":false,"sceneViewState":{"showFog":true,"showMaterialUpdate":false,"showSkybox":true,"showFlares":true,"showImageEffects":true,"showParticleSystems":true},"in2DMode":false,"pivot":{"x":-6.429999828338623,"y":-0.6299999952316284,"z":-0.17000001668930055},"rotation":{"x":0.0448884591460228,"y":-0.8308019042015076,"z":0.06768728792667389,"w":0.5506103038787842},"size":22.0,"orthographic":false}