{"cameraMode":{"drawMode":0,"name":"Shaded","section":"Shading Mode"},"sceneLighting":false,"audioPlay":false,"sceneViewState":{"showFog":true,"showMaterialUpdate":false,"showSkybox":true,"showFlares":true,"showImageEffects":true,"showParticleSystems":true},"in2DMode":false,"pivot":{"x":28.358440399169923,"y":5.281986236572266,"z":-19.4058895111084},"rotation":{"x":-0.3554495573043823,"y":-0.11520060896873474,"z":0.04408206045627594,"w":-0.9265210032463074},"size":21.46661949157715,"orthographic":false}