{"cameraMode":{"drawMode":0,"name":"Shaded","section":"Shading Mode"},"sceneLighting":false,"audioPlay":false,"sceneViewState":{"showFog":true,"showMaterialUpdate":false,"showSkybox":true,"showFlares":true,"showImageEffects":true,"showParticleSystems":true},"in2DMode":false,"pivot":{"x":1077.1546630859375,"y":591.0762939453125,"z":25.04641342163086},"rotation":{"x":-0.002100195037201047,"y":0.0216303039342165,"z":0.00004330901720095426,"w":0.9997638463973999},"size":22.0,"orthographic":false}