{"cameraMode":{"drawMode":0,"name":"Shaded","section":"Shading Mode"},"sceneLighting":false,"audioPlay":false,"sceneViewState":{"showFog":true,"showMaterialUpdate":false,"showSkybox":true,"showFlares":true,"showImageEffects":true,"showParticleSystems":true},"in2DMode":false,"pivot":{"x":-3.9858322143554689,"y":5.151309013366699,"z":10.769948959350586},"rotation":{"x":-0.1886923909187317,"y":-0.7913038730621338,"z":0.29947981238365176,"w":-0.4985432028770447},"size":0.8449360728263855,"orthographic":false}