{"cameraMode":{"drawMode":0,"name":"Shaded","section":"Shading Mode"},"sceneLighting":false,"audioPlay":false,"sceneViewState":{"showFog":true,"showMaterialUpdate":false,"showSkybox":true,"showFlares":true,"showImageEffects":true,"showParticleSystems":true},"in2DMode":false,"pivot":{"x":7.249549865722656,"y":23.013317108154298,"z":-37.70012283325195},"rotation":{"x":0.017581241205334665,"y":0.9522603750228882,"z":-0.05609170347452164,"w":0.29957443475723269},"size":73.0805892944336,"orthographic":false}