{"cameraMode":{"drawMode":0,"name":"Shaded","section":"Shading Mode"},"sceneLighting":false,"audioPlay":false,"sceneViewState":{"showFog":true,"showMaterialUpdate":false,"showSkybox":true,"showFlares":true,"showImageEffects":true,"showParticleSystems":true},"in2DMode":false,"pivot":{"x":29.6200008392334,"y":24.360000610351564,"z":-17.200000762939454},"rotation":{"x":0.21484258770942689,"y":-0.7022132873535156,"z":0.23725862801074983,"w":0.6359619498252869},"size":8.25,"orthographic":false}