{"cameraMode":{"drawMode":0,"name":"Shaded","section":"Shading Mode"},"sceneLighting":false,"audioPlay":false,"sceneViewState":{"showFog":true,"showMaterialUpdate":false,"showSkybox":true,"showFlares":true,"showImageEffects":true,"showParticleSystems":true},"in2DMode":false,"pivot":{"x":21.224925994873048,"y":5.1395344734191898,"z":-16.226600646972658},"rotation":{"x":0.19118094444274903,"y":0.3781673014163971,"z":-0.08013246953487396,"w":0.9022294878959656},"size":10.396194458007813,"orthographic":false}