{"cameraMode":{"drawMode":0,"name":"Shaded","section":"Shading Mode"},"sceneLighting":false,"audioPlay":false,"sceneViewState":{"showFog":true,"showMaterialUpdate":false,"showSkybox":true,"showFlares":true,"showImageEffects":true,"showParticleSystems":true},"in2DMode":false,"pivot":{"x":177.08883666992188,"y":-159.44081115722657,"z":-52.78281784057617},"rotation":{"x":-0.29670217633247378,"y":-0.6014068722724915,"z":0.2563384175300598,"w":-0.696109414100647},"size":331.1407165527344,"orthographic":false}