{"cameraMode":{"drawMode":0,"name":"Shaded","section":"Shading Mode"},"sceneLighting":false,"audioPlay":false,"sceneViewState":{"showFog":true,"showMaterialUpdate":false,"showSkybox":true,"showFlares":true,"showImageEffects":true,"showParticleSystems":true},"in2DMode":false,"pivot":{"x":-40.60000228881836,"y":4.749517440795898,"z":-16.0},"rotation":{"x":-0.00009558082820149139,"y":0.9998934864997864,"z":-0.007809681352227926,"w":-0.012332900427281857},"size":81.8319320678711,"orthographic":false}