{"cameraMode":{"drawMode":0,"name":"Shaded","section":"Shading Mode"},"sceneLighting":false,"audioPlay":false,"sceneViewState":{"showFog":true,"showMaterialUpdate":false,"showSkybox":true,"showFlares":true,"showImageEffects":true,"showParticleSystems":true},"in2DMode":false,"pivot":{"x":-186.79710388183595,"y":-161.686279296875,"z":-6.054429054260254},"rotation":{"x":-0.2512933313846588,"y":0.6466663479804993,"z":-0.23920774459838868,"w":-0.6793040633201599},"size":289.0145568847656,"orthographic":false}