{"cameraMode":{"drawMode":0,"name":"Shaded","section":"Shading Mode"},"sceneLighting":false,"audioPlay":false,"sceneViewState":{"showFog":true,"showMaterialUpdate":false,"showSkybox":true,"showFlares":true,"showImageEffects":true,"showParticleSystems":true},"in2DMode":false,"pivot":{"x":7.2638163566589359,"y":1.9901810884475709,"z":-37.541290283203128},"rotation":{"x":0.00703538628295064,"y":-0.9842351675033569,"z":0.040186718106269839,"w":0.17209535837173463},"size":5.390658855438232,"orthographic":false}