{"cameraMode":{"drawMode":0,"name":"Shaded","section":"Shading Mode"},"sceneLighting":false,"audioPlay":false,"sceneViewState":{"showFog":true,"showMaterialUpdate":false,"showSkybox":true,"showFlares":true,"showImageEffects":true,"showParticleSystems":true},"in2DMode":false,"pivot":{"x":3.98097562789917,"y":-3.6887128353118898,"z":-16.56292724609375},"rotation":{"x":-0.22168053686618806,"y":-0.6090461015701294,"z":0.1826074719429016,"w":-0.7393072247505188},"size":55.99021911621094,"orthographic":false}