{"cameraMode":{"drawMode":0,"name":"Shaded","section":"Shading Mode"},"sceneLighting":false,"audioPlay":false,"sceneViewState":{"showFog":true,"showMaterialUpdate":false,"showSkybox":true,"showFlares":true,"showImageEffects":true,"showParticleSystems":true},"in2DMode":false,"pivot":{"x":-0.7736303210258484,"y":1.8488801717758179,"z":3.707185983657837},"rotation":{"x":-0.016403093934059144,"y":0.9824729561805725,"z":-0.15332381427288056,"w":-0.10473642498254776},"size":3.5492782592773439,"orthographic":false}