{"cameraMode":{"drawMode":0,"name":"Shaded","section":"Shading Mode"},"sceneLighting":false,"audioPlay":false,"sceneViewState":{"showFog":true,"showMaterialUpdate":false,"showSkybox":true,"showFlares":true,"showImageEffects":true,"showParticleSystems":true},"in2DMode":false,"pivot":{"x":-0.036172688007354739,"y":0.70023512840271,"z":5.693567276000977},"rotation":{"x":-0.04296429827809334,"y":0.7181291580200195,"z":-0.04438910633325577,"w":-0.6931625008583069},"size":7.019592761993408,"orthographic":false}