{"cameraMode":{"drawMode":0,"name":"Shaded","section":"Shading Mode"},"sceneLighting":false,"audioPlay":false,"sceneViewState":{"showFog":true,"showMaterialUpdate":false,"showSkybox":true,"showFlares":true,"showImageEffects":true,"showParticleSystems":true},"in2DMode":false,"pivot":{"x":58.810001373291019,"y":0.9075815677642822,"z":-11.847846031188965},"rotation":{"x":0.16199669241905213,"y":-0.800597608089447,"z":0.2492266595363617,"w":0.5202756524085999},"size":5.485455513000488,"orthographic":false}