{"cameraMode":{"drawMode":0,"name":"Shaded","section":"Shading Mode"},"sceneLighting":false,"audioPlay":false,"sceneViewState":{"showFog":true,"showMaterialUpdate":false,"showSkybox":true,"showFlares":true,"showImageEffects":true,"showParticleSystems":true},"in2DMode":false,"pivot":{"x":0.333646297454834,"y":-0.4284238815307617,"z":0.08711719512939453},"rotation":{"x":-0.08664902299642563,"y":0.8386408686637878,"z":-0.13989567756652833,"w":-0.5192328095436096},"size":4.718271255493164,"orthographic":false}