{"cameraMode":{"drawMode":0,"name":"Shaded","section":"Shading Mode"},"sceneLighting":false,"audioPlay":false,"sceneViewState":{"showFog":true,"showMaterialUpdate":false,"showSkybox":true,"showFlares":true,"showImageEffects":true,"showParticleSystems":true},"in2DMode":false,"pivot":{"x":9.619619369506836,"y":2.1514596939086916,"z":-9.046097755432129},"rotation":{"x":-0.11693891882896424,"y":0.041985537856817248,"z":-0.0049398415721952919,"w":-0.9922389984130859},"size":2.961953639984131,"orthographic":false}