{"cameraMode":{"drawMode":0,"name":"Shaded","section":"Shading Mode"},"sceneLighting":false,"audioPlay":false,"sceneViewState":{"showFog":true,"showMaterialUpdate":false,"showSkybox":true,"showFlares":true,"showImageEffects":true,"showParticleSystems":true},"in2DMode":false,"pivot":{"x":-3.1726863384246828,"y":5.281986236572266,"z":-2.742650032043457},"rotation":{"x":0.07992487400770188,"y":-0.7632550597190857,"z":0.09623369574546814,"w":0.6338713765144348},"size":3.0210795402526857,"orthographic":false}