{"cameraMode":{"drawMode":0,"name":"Shaded","section":"Shading Mode"},"sceneLighting":false,"audioPlay":false,"sceneViewState":{"showFog":true,"showMaterialUpdate":false,"showSkybox":true,"showFlares":true,"showImageEffects":true,"showParticleSystems":true},"in2DMode":false,"pivot":{"x":-0.022641658782958986,"y":0.6000000238418579,"z":5.9964728355407719},"rotation":{"x":0.007031393703073263,"y":0.976479172706604,"z":-0.03255945071578026,"w":0.21302320063114167},"size":2.272425651550293,"orthographic":false}