{"cameraMode":{"drawMode":0,"name":"Shaded","section":"Shading Mode"},"sceneLighting":false,"audioPlay":false,"sceneViewState":{"showFog":true,"showMaterialUpdate":false,"showSkybox":true,"showFlares":true,"showImageEffects":true,"showParticleSystems":true},"in2DMode":false,"pivot":{"x":-5.866020202636719,"y":2.935999870300293,"z":-17.187313079833986},"rotation":{"x":-0.012917846441268921,"y":-0.8333129286766052,"z":0.5523061752319336,"w":-0.019506240263581277},"size":14.768465042114258,"orthographic":false}