{"cameraMode":{"drawMode":0,"name":"Shaded","section":"Shading Mode"},"sceneLighting":false,"audioPlay":false,"sceneViewState":{"showFog":true,"showMaterialUpdate":false,"showSkybox":true,"showFlares":true,"showImageEffects":true,"showParticleSystems":true},"in2DMode":false,"pivot":{"x":17.41754722595215,"y":2.0666656494140627,"z":11.073817253112793},"rotation":{"x":-0.05110231041908264,"y":0.6899282336235046,"z":-0.04892851039767265,"w":-0.7204121351242065},"size":6.648193836212158,"orthographic":false}