{"cameraMode":{"drawMode":0,"name":"Shaded","section":"Shading Mode"},"sceneLighting":false,"audioPlay":false,"sceneViewState":{"showFog":true,"showMaterialUpdate":false,"showSkybox":true,"showFlares":true,"showImageEffects":true,"showParticleSystems":true},"in2DMode":false,"pivot":{"x":0.5049347877502441,"y":-2.561587333679199,"z":-10.839761734008789},"rotation":{"x":0.007528639864176512,"y":0.8683544993400574,"z":-0.4957115948200226,"w":0.013188307173550129},"size":81.16356658935547,"orthographic":false}