{"cameraMode":{"drawMode":0,"name":"Shaded","section":"Shading Mode"},"sceneLighting":false,"audioPlay":false,"sceneViewState":{"showFog":true,"showMaterialUpdate":false,"showSkybox":true,"showFlares":true,"showImageEffects":true,"showParticleSystems":true},"in2DMode":false,"pivot":{"x":-2.6763172149658205,"y":2.0714519023895265,"z":10.068758010864258},"rotation":{"x":-0.14316165447235108,"y":-0.48643264174461367,"z":0.08115576952695847,"w":-0.8580803275108337},"size":11.558960914611817,"orthographic":false}