{"cameraMode":{"drawMode":0,"name":"Shaded","section":"Shading Mode"},"sceneLighting":false,"audioPlay":false,"sceneViewState":{"showFog":true,"showMaterialUpdate":false,"showSkybox":true,"showFlares":true,"showImageEffects":true,"showParticleSystems":true},"in2DMode":false,"pivot":{"x":0.5070333480834961,"y":-1.6013832092285157,"z":1.458583950996399},"rotation":{"x":-0.1972259283065796,"y":0.72976154088974,"z":-0.23560194671154023,"w":-0.6107714772224426},"size":6.2182722091674809,"orthographic":false}