{"cameraMode":{"drawMode":0,"name":"Shaded","section":"Shading Mode"},"sceneLighting":false,"audioPlay":false,"sceneViewState":{"showFog":true,"showMaterialUpdate":false,"showSkybox":true,"showFlares":true,"showImageEffects":true,"showParticleSystems":true},"in2DMode":false,"pivot":{"x":0.6854778528213501,"y":-1.9162708520889283,"z":12.33797836303711},"rotation":{"x":0.24479596316814423,"y":0.7303632497787476,"z":-0.3264561891555786,"w":0.5477871894836426},"size":5.676052093505859,"orthographic":false}