{"cameraMode":{"drawMode":0,"name":"Shaded","section":"Shading Mode"},"sceneLighting":false,"audioPlay":false,"sceneViewState":{"showFog":true,"showMaterialUpdate":false,"showSkybox":true,"showFlares":true,"showImageEffects":true,"showParticleSystems":true},"in2DMode":false,"pivot":{"x":7.756221771240234,"y":-235.98733520507813,"z":56.37498474121094},"rotation":{"x":0.5816934704780579,"y":0.16142603754997254,"z":-0.11909385770559311,"w":0.78828364610672},"size":312.5205993652344,"orthographic":false}