{"cameraMode":{"drawMode":0,"name":"Shaded","section":"Shading Mode"},"sceneLighting":false,"audioPlay":false,"sceneViewState":{"showFog":true,"showMaterialUpdate":false,"showSkybox":true,"showFlares":true,"showImageEffects":true,"showParticleSystems":true},"in2DMode":false,"pivot":{"x":0.0,"y":0.6781152486801148,"z":11.008159637451172},"rotation":{"x":0.024534983560442926,"y":-0.8139616250991821,"z":0.0344533771276474,"w":0.5793768763542175},"size":10.395302772521973,"orthographic":false}