{"cameraMode":{"drawMode":0,"name":"Shaded","section":"Shading Mode"},"sceneLighting":false,"audioPlay":false,"sceneViewState":{"showFog":true,"showMaterialUpdate":false,"showSkybox":true,"showFlares":true,"showImageEffects":true,"showParticleSystems":true},"in2DMode":false,"pivot":{"x":0.6499998569488525,"y":3.790931463241577,"z":3.5786831378936769},"rotation":{"x":-0.2060965746641159,"y":0.34660688042640688,"z":-0.0783357322216034,"w":-0.9117298722267151},"size":16.71942138671875,"orthographic":false}