{"cameraMode":{"drawMode":0,"name":"Shaded","section":"Shading Mode"},"sceneLighting":false,"audioPlay":false,"sceneViewState":{"showFog":true,"showMaterialUpdate":false,"showSkybox":true,"showFlares":true,"showImageEffects":true,"showParticleSystems":true},"in2DMode":false,"pivot":{"x":-1.0044609308242798,"y":2.068352699279785,"z":7.639474868774414},"rotation":{"x":-0.07298226654529572,"y":-0.8131995797157288,"z":0.10450958460569382,"w":-0.5678537487983704},"size":7.830869674682617,"orthographic":false}