{"cameraMode":{"drawMode":0,"name":"Shaded","section":"Shading Mode"},"sceneLighting":false,"audioPlay":false,"sceneViewState":{"showFog":true,"showMaterialUpdate":false,"showSkybox":true,"showFlares":true,"showImageEffects":true,"showParticleSystems":true},"in2DMode":false,"pivot":{"x":0.2903563976287842,"y":2.068352699279785,"z":7.6918625831604},"rotation":{"x":-0.15198035538196565,"y":-0.6304360628128052,"z":0.12767387926578523,"w":-0.750434398651123},"size":9.22304630279541,"orthographic":false}