{"cameraMode":{"drawMode":0,"name":"Shaded","section":"Shading Mode"},"sceneLighting":false,"audioPlay":false,"sceneViewState":{"showFog":true,"showMaterialUpdate":false,"showSkybox":true,"showFlares":true,"showImageEffects":true,"showParticleSystems":true},"in2DMode":false,"pivot":{"x":-13.255363464355469,"y":2.286367416381836,"z":-28.099740982055665},"rotation":{"x":-0.03872188553214073,"y":0.6996915340423584,"z":-0.03804297745227814,"w":-0.7123799324035645},"size":3.4142580032348635,"orthographic":false}