{"cameraMode":{"drawMode":0,"name":"Shaded","section":"Shading Mode"},"sceneLighting":false,"audioPlay":false,"sceneViewState":{"showFog":true,"showMaterialUpdate":false,"showSkybox":true,"showFlares":true,"showImageEffects":true,"showParticleSystems":true},"in2DMode":false,"pivot":{"x":0.5070333480834961,"y":-1.6013832092285157,"z":1.458583950996399},"rotation":{"x":-0.09514673799276352,"y":0.6503375172615051,"z":-0.08256043493747711,"w":-0.7491275072097778},"size":4.032733917236328,"orthographic":false}